,0
0,22 coisas que vocxc3xaa talvez nxc3xa3o sabia sobre Stan Lee
1,"Quem cortava o cabelo dele era a esposa, Joan, e o Hulk nxc3xa3o era para ser verde.  "
2,Tell Us If You Put Cheese On These Foods And We'll Tell You Which Kind Of Bird You Are
3,Without feather ado...  
4,"BuzzFeed Home Sitemap xc2xa9 2018 BuzzFeed, Inc."
5,15 Disney's Magic Kingdom Holiday Treats You Can Eat This Christmas
6,It's the most magical time of the year.  
7,Kendall Jenner Is Closer With Stormi Than Her Kardashian Nieces And Nephews
8,She also revealed she's become closer with her Kardashian nieces and nephews since they've got older.  
9,"John Legend's Speech About Chrissy Teigen Is So Hilariously Cute, You Won't Know Whether To Laugh Or Cry"
10,"I am amazed by the woman that youve become. And Im truly glad that the rest of the world has finally found out about it, too."
11,The UK Government Is Launching A Consultation Into How Intersex People In Britain Are Treated
12,"A child needs to be able to live happily and safely and not subject to sterilisations, sex assignments and other harmful practices,"
13, IntersexUK told BuzzFeed News.  
14, Cast Shared Emotional Behind-The-Scenes Photos From Their Last Day Of Filming
15,I can't say goodbye. This is not OK.
16,A histxc3xb3ria da Thaynxc3xa1 e desta turma de artes explica por que precisamos olhar pra fora da nossa bolha
17,"Teve uma menininha que veio falar pra professora assim: 'tia, quando ele me abraxc3xa7ou, eu nxc3xa3o conseguia respirar de txc3xa3o feliz'"
18,.  
19,This Is What Life Looks Like To London's Young Photographers
20,Photographers aged 16 to 19 allowed us to look into their ever-changing world.  
21,Futuro ministro da Defesa de Bolsonaro estava ao lado de Collor quando impeachment foi assinado
22,"Entxc3xa3o ajudante de ordens de Collor, o general da reserva Fernando Azevedo e Silva tambxc3xa9m foi chefe do Estado Maior do Exxc3xa9rcito e estava atuando como assessor especial do presidente do STF, Dias Toffoli.  "
23,British Police Have Thanked David Schwimmer After A Theft Suspect Was Arrested
24,Schwimmer made a viral video that helped publicise a police appeal after people on the internet said the suspect resembled the former Friends actor.  
25,"Last month, Lancashire police released CCTV footage of an alleged theft from a restaurant in Blackpool, a seaside town in the northwest of England. As the clip made its way across social media, many remarked that the suspect looked like Schwimmer."
26,Armie Hammer Criticised Celebrities For Posting Selfies With Stan Lee And People Have A Lot Of Thoughts
27,Everyone grieves differently. You've just now made this entirely about you.
28,Lorde Just Accused Kanye West Of Stealing Her Set Design
29,Don't steal xe2x80x94 not from women or anyone else xe2x80x94 not in 2018 or ever.
30,"Getty Images Speaking to Spinoff, Lorde said: "
31,Direct A Rom-Com And We'll Tell You Exactly Where You'll Meet The One
32,Where will your love story begin?  
33,14 provas de que o loiro xc3xa9 para todas
34,Pele negra e cabelo loiro combinam sim!  
35,"16 Tweets Of People Without Their Phones, Just Living In The Moment"
36,not a cell phone in sight. just people living in the moment.
37,20 Traditional German Christmas Sweets You Need To Try ASAP
38,"It's Plxc3xa4tzchen, bitch.  "
39,29 Makeup Products You Need If Youre Lazy
40,"Honestly with a little effort and luck, you can totally use these from your bed.  "
41,This Yes Or No TV Quiz Will Separate The Millennials From The Gen Z'ers
42,Do you remember being traumatised by that death on The O.C.?  
43,A Young Woman Who Killed Her Fiancxc3xa9 Said He Called Her A 
44,"He told me he was going to change,"
45, Cathrina Cahill told a court as she faced a sentencing hearing for the manslaughter of her fiancxc3xa9.  
