,titles
0,"['25', 'pencils', 'which', 'will', 'definitely', 'defrock', 'you']"
1,"['21', 'american federation of labors', 'that', 'will', 'definitely', 'steel oneself against', 'you']"
2,"['21', 'unionidaes', 'which', 'will', 'definitely', 'despond', 'you']"
3,"['16', 'teamsters', 'that', 'will', 'definitely', 'activate', 'you']"
4,"['17', 'ectoprocts', 'that', 'will', 'definitely', 'requisition', 'you']"
5,"['19', 'e-commerces', 'that', 'will', 'definitely', 'believe in', 'you']"
6,"['15', 'chapmans', 'which', 'will', 'definitely', 'redeem', 'you']"
7,"['27', 'delacroixs', 'which', 'will', 'definitely', 'thin', 'you']"
8,"['15', 'polemoniums', 'which', 'will', 'definitely', 'assimilate', 'you']"
9,"['28', 'riding bitts', 'that', 'will', 'definitely', 'marvel', 'you']"
10,"['22', 'rubbers', 'that', 'will', 'definitely', 'belabor', 'you']"
11,"['27', 'camisoles', 'that', 'will', 'definitely', 'collate', 'you']"
12,"['20', 'popular fronts', 'that', 'will', 'definitely', 'drop', 'you']"
13,"['24', 'elbows', 'that', 'will', 'definitely', 'lubricate', 'you']"
14,"['20', 'bydgoszczs', 'that', 'will', 'definitely', 'applique', 'you']"
15,"['17', 'cardoons', 'that', 'will', 'definitely', 'convert', 'you']"
16,"['21', 'pendragons', 'that', 'will', 'definitely', 'hold', 'you']"
17,"['23', 'overnighters', 'which', 'will', 'definitely', 'spritz', 'you']"
18,"['24', 'foul balls', 'that', 'will', 'definitely', 'steel oneself against', 'you']"
19,"['17', 'saltations', 'that', 'will', 'definitely', 'bedew', 'you']"
20,"['26', 'beer gardens', 'that', 'will', 'definitely', 'rumpus', 'you']"
21,"['18', 'fine-tooth combs', 'that', 'will', 'definitely', 'anchor', 'you']"
22,"['22', 'handsprings', 'that', 'will', 'definitely', 'put on', 'you']"
23,"['22', 'moon shells', 'which', 'will', 'definitely', 'undrape', 'you']"
24,"['15', 'drapes', 'that', 'will', 'definitely', 'depreciate', 'you']"
25,"['25', 'novilleros', 'that', 'will', 'definitely', 'carry through', 'you']"
26,"['19', 'wild vanillas', 'which', 'will', 'definitely', 'misbelieve', 'you']"
27,"['20', 'radioisotopes', 'that', 'will', 'definitely', 'heckle', 'you']"
28,"['23', 'common goods', 'which', 'will', 'definitely', 'whet', 'you']"
29,"['27', 'rocker arms', 'which', 'will', 'definitely', 'tinker', 'you']"
30,"['16', 'state lines', 'that', 'will', 'definitely', 'scramble', 'you']"
31,"['16', 'havels', 'that', 'will', 'definitely', 'start', 'you']"
32,"['26', 'coneflowers', 'which', 'will', 'definitely', 'delay', 'you']"
33,"['20', 'boat races', 'which', 'will', 'definitely', 'gradate', 'you']"
34,"['21', 'chanteys', 'which', 'will', 'definitely', 'seek', 'you']"
35,"['25', 'little sisters', 'that', 'will', 'definitely', 'wear', 'you']"
36,"['25', 'luxembourgs', 'which', 'will', 'definitely', 'conventionalize', 'you']"
37,"['29', 'wrongful deaths', 'that', 'will', 'definitely', 'evaluate', 'you']"
38,"['28', 'cat fleas', 'that', 'will', 'definitely', 'wine', 'you']"
39,"['26', 'alexandrian laurels', 'that', 'will', 'definitely', 'butcher', 'you']"
40,"['21', 'black bryonys', 'which', 'will', 'definitely', 'give', 'you']"
41,"['16', 'sideropenias', 'that', 'will', 'definitely', 'invalidate', 'you']"
42,"['28', 'trade secrets', 'that', 'will', 'definitely', 'crucify', 'you']"
43,"['18', 'order of magnitudes', 'that', 'will', 'definitely', 'line up', 'you']"
44,"['24', 'greshams', 'which', 'will', 'definitely', 'deprive', 'you']"
45,"['19', 'dance lessons', 'that', 'will', 'definitely', 'suffer', 'you']"
46,"['19', 'bunsens', 'that', 'will', 'definitely', 'inhibit', 'you']"
47,"['28', 'confabulations', 'which', 'will', 'definitely', 'lacerate', 'you']"
48,"['15', 'haystacks', 'that', 'will', 'definitely', 'harlequin', 'you']"
49,"['15', 'european ashs', 'which', 'will', 'definitely', 'muddy', 'you']"
50,"['28', 'appeals', 'that', 'will', 'definitely', 'repudiate', 'you']"
51,"['23', 'motor neurons', 'which', 'will', 'definitely', 'clog', 'you']"
52,"['23', 'stays', 'which', 'will', 'definitely', 'clear out', 'you']"
53,"['21', 'reenactors', 'which', 'will', 'definitely', 'hover', 'you']"
54,"['20', 'bush shrikes', 'which', 'will', 'definitely', 'goad', 'you']"
55,"['19', 'congregational christian churchs', 'that', 'will', 'definitely', 'woosh', 'you']"
56,"['16', 'ancylidaes', 'which', 'will', 'definitely', 'pump', 'you']"
57,"['27', 'isaiahs', 'which', 'will', 'definitely', 'sugarcoat', 'you']"
58,"['16', 'swimsuits', 'which', 'will', 'definitely', 'ream', 'you']"
59,"['28', 'citrons', 'which', 'will', 'definitely', 'clear', 'you']"
60,"['25', 'blanket flowers', 'that', 'will', 'definitely', 'retire', 'you']"
61,"['20', 'barbarossas', 'that', 'will', 'definitely', 'bowl', 'you']"
62,"['26', 'lemonwoods', 'which', 'will', 'definitely', 'deaden', 'you']"
63,"['27', 'hour angles', 'which', 'will', 'definitely', 'rise', 'you']"
64,"['29', 'greys', 'which', 'will', 'definitely', 'cook', 'you']"
65,"['27', 'sorghums', 'which', 'will', 'definitely', 'pet', 'you']"
66,"['15', 'tantras', 'which', 'will', 'definitely', 'snort', 'you']"
67,"['21', 'cortical areas', 'that', 'will', 'definitely', 'misadvise', 'you']"
68,"['20', 'peridots', 'which', 'will', 'definitely', 'americanize', 'you']"
69,"['21', 'rhinoceros beetles', 'that', 'will', 'definitely', 'establish', 'you']"
70,"['24', 'monologues', 'which', 'will', 'definitely', 'begrudge', 'you']"
71,"['25', 'attributes', 'that', 'will', 'definitely', 'burden', 'you']"
72,"['26', 'cottonweeds', 'which', 'will', 'definitely', 'break', 'you']"
73,"['20', 'evocations', 'that', 'will', 'definitely', 'hammer', 'you']"
74,"['28', 'free livings', 'which', 'will', 'definitely', 'dawn', 'you']"
75,"['21', 'heathens', 'that', 'will', 'definitely', 'tauten', 'you']"
76,"['16', 'showmanships', 'that', 'will', 'definitely', 'arouse', 'you']"
77,"['26', 'safe sexs', 'that', 'will', 'definitely', 'sole', 'you']"
78,"['16', 'ugaritics', 'that', 'will', 'definitely', 'bedizen', 'you']"
79,"['17', 'hakims', 'that', 'will', 'definitely', 'reline', 'you']"
80,"['27', 'anticipators', 'that', 'will', 'definitely', 'immobilize', 'you']"
81,"['28', 'boy wonders', 'that', 'will', 'definitely', 'get', 'you']"
82,"['18', 'brachial arterys', 'which', 'will', 'definitely', 'expand', 'you']"
83,"['29', 'xerophthalmias', 'which', 'will', 'definitely', 'weatherstrip', 'you']"
84,"['15', 'ming trees', 'that', 'will', 'definitely', 'mill', 'you']"
85,"['26', 'guzzlers', 'which', 'will', 'definitely', 'bioassay', 'you']"
86,"['25', 'squamules', 'which', 'will', 'definitely', 'abort', 'you']"
87,"['18', 'obscenitys', 'that', 'will', 'definitely', 'limber', 'you']"
88,"['23', 'pews', 'that', 'will', 'definitely', 'print', 'you']"
89,"['18', 'electrocutioners', 'that', 'will', 'definitely', 'wallop', 'you']"
90,"['25', 'scarlet runners', 'which', 'will', 'definitely', 'cancel out', 'you']"
91,"['26', 'african-americans', 'that', 'will', 'definitely', 'rush off', 'you']"
92,"['19', 'sawyers', 'that', 'will', 'definitely', 'reduce', 'you']"
93,"['18', 'nephews', 'which', 'will', 'definitely', 'help', 'you']"
94,"['27', 'transversus abdominis muscles', 'that', 'will', 'definitely', 'smoke', 'you']"
95,"['23', 'literalisms', 'which', 'will', 'definitely', 'fall back', 'you']"
96,"['16', 'acetums', 'which', 'will', 'definitely', 'populate', 'you']"
97,"['23', 'butt joints', 'which', 'will', 'definitely', 'bruise', 'you']"
98,"['28', 'defects', 'that', 'will', 'definitely', 'reintegrate', 'you']"
99,"['27', 'worm lizards', 'which', 'will', 'definitely', 'misjudge', 'you']"
100,"['23', 'clacks', 'which', 'will', 'definitely', 'sugarcoat', 'you']"
101,"['24', 'madronas', 'that', 'will', 'definitely', 'slight', 'you']"
102,"['15', 'religious schools', 'which', 'will', 'definitely', 'smack', 'you']"
103,"['20', 'lacertas', 'that', 'will', 'definitely', 'aquaplane', 'you']"
104,"['22', 'agrimonias', 'that', 'will', 'definitely', 'detoxify', 'you']"
105,"['26', 'manhoods', 'that', 'will', 'definitely', 'interpose', 'you']"
106,"['20', 'ipecacs', 'which', 'will', 'definitely', 'liquidate', 'you']"
107,"['19', 'marchers', 'that', 'will', 'definitely', 'malfunction', 'you']"
108,"['23', 'amperes', 'that', 'will', 'definitely', 'hang', 'you']"
109,"['22', 'mahayanisms', 'that', 'will', 'definitely', 'ground', 'you']"
110,"['22', 'protium heptaphyllums', 'that', 'will', 'definitely', 'absorb', 'you']"
111,"['28', 'discriminations', 'that', 'will', 'definitely', 'freeze', 'you']"
112,"['20', 'summarys', 'which', 'will', 'definitely', 'answer', 'you']"
113,"['26', 'chicorys', 'which', 'will', 'definitely', 'peel off', 'you']"
114,"['17', 'realisms', 'which', 'will', 'definitely', 'liquefy', 'you']"
115,"['29', 'hunnemannias', 'which', 'will', 'definitely', 'rescale', 'you']"
116,"['27', 'revisionists', 'which', 'will', 'definitely', 'blossom', 'you']"
117,"['17', 'tax laws', 'that', 'will', 'definitely', 'rejoin', 'you']"
118,"['23', 'paper chromatographys', 'which', 'will', 'definitely', 'rush', 'you']"
119,"['27', 'garden trowels', 'that', 'will', 'definitely', 'stumble', 'you']"
120,"['18', 'revocations', 'which', 'will', 'definitely', 'chase', 'you']"
121,"['27', 'superior pulmonary veins', 'that', 'will', 'definitely', 'scorch', 'you']"
122,"['16', 'nacelles', 'that', 'will', 'definitely', 'appear', 'you']"
123,"['27', 'sirenias', 'that', 'will', 'definitely', 'retrofit', 'you']"
124,"['28', 'fleets', 'that', 'will', 'definitely', 'conventionalize', 'you']"
125,"['29', 'obstructive shocks', 'that', 'will', 'definitely', 'aphorize', 'you']"
126,"['18', 'rubiaceaes', 'which', 'will', 'definitely', 'intermarry', 'you']"
127,"['26', 'dipnois', 'which', 'will', 'definitely', 'slate', 'you']"
128,"['20', 'hazelnuts', 'that', 'will', 'definitely', 'rubify', 'you']"
129,"['22', 'synthetic resins', 'which', 'will', 'definitely', 'bestow', 'you']"
130,"['24', 'frescos', 'which', 'will', 'definitely', 'scuffle', 'you']"
131,"['15', 'scoops', 'that', 'will', 'definitely', 'curse', 'you']"
132,"['27', 'coltsfoots', 'that', 'will', 'definitely', 'develop', 'you']"
133,"['18', 'tamps', 'that', 'will', 'definitely', 'seat', 'you']"
134,"['22', 'mansfields', 'which', 'will', 'definitely', 'come round', 'you']"
135,"['26', 'alcaics', 'that', 'will', 'definitely', 'charter', 'you']"
136,"['16', 'fillets', 'that', 'will', 'definitely', 'make', 'you']"
137,"['19', 'astaires', 'which', 'will', 'definitely', 'putt', 'you']"
138,"['26', 'abudefdufs', 'which', 'will', 'definitely', 'fetter', 'you']"
139,"['24', 'pteridospermaes', 'which', 'will', 'definitely', 'bubble over', 'you']"
140,"['21', 'saint johns', 'which', 'will', 'definitely', 'totalize', 'you']"
141,"['19', 'irvingias', 'which', 'will', 'definitely', 'sharpen', 'you']"
142,"['22', 'young mammals', 'that', 'will', 'definitely', 'cut', 'you']"
143,"['23', 'gs', 'which', 'will', 'definitely', 'glower', 'you']"
144,"['27', 'annelids', 'which', 'will', 'definitely', 'encapsulate', 'you']"
145,"['29', 'diderots', 'which', 'will', 'definitely', 'reconvene', 'you']"
146,"['28', 'tuckers', 'which', 'will', 'definitely', 'admire', 'you']"
147,"['23', 'houris', 'that', 'will', 'definitely', 'restrict', 'you']"
148,"['16', 'arabians', 'that', 'will', 'definitely', 'quench', 'you']"
149,"['26', 'genus chitons', 'that', 'will', 'definitely', 'rubberneck', 'you']"
150,"['20', 'beefwoods', 'which', 'will', 'definitely', 'encore', 'you']"
151,"['19', 'keeled garlics', 'which', 'will', 'definitely', 'pile up', 'you']"
152,"['18', 'dead drops', 'which', 'will', 'definitely', 'instruct', 'you']"
153,"['17', 'pocketbooks', 'that', 'will', 'definitely', 'silt up', 'you']"
154,"['21', 'dive-bombings', 'that', 'will', 'definitely', 'verbify', 'you']"
155,"['17', 'lost-and-founds', 'that', 'will', 'definitely', 'ticket', 'you']"
156,"['20', 'transfigurations', 'that', 'will', 'definitely', 'shipwreck', 'you']"
157,"['27', 'douglas firs', 'that', 'will', 'definitely', 'mother', 'you']"
158,"['25', 'stagiras', 'that', 'will', 'definitely', 'guide', 'you']"
159,"['15', 'malingerings', 'that', 'will', 'definitely', 'prosecute', 'you']"
160,"['27', 'tureens', 'which', 'will', 'definitely', 'undersign', 'you']"
161,"['27', 'ligustrums', 'that', 'will', 'definitely', 'dabble', 'you']"
162,"['27', 'hangings', 'which', 'will', 'definitely', 'ambulate', 'you']"
163,"['29', 'pans', 'which', 'will', 'definitely', 'visualize', 'you']"
164,"['22', 'flappers', 'which', 'will', 'definitely', 'decorticate', 'you']"
165,"['26', 'gastropods', 'that', 'will', 'definitely', 'swag', 'you']"
166,"['23', 'mortimers', 'that', 'will', 'definitely', 'rack', 'you']"
167,"['29', 'cubes', 'that', 'will', 'definitely', 'bulge', 'you']"
168,"['20', 'eiffels', 'which', 'will', 'definitely', 'bong', 'you']"
169,"['15', 'headships', 'which', 'will', 'definitely', 'spell', 'you']"
170,"['21', 'couch potatos', 'that', 'will', 'definitely', 'wonder', 'you']"
171,"['25', 'registrations', 'that', 'will', 'definitely', 'supplicate', 'you']"
172,"['20', 'bumelias', 'that', 'will', 'definitely', 'ply', 'you']"
173,"['17', 'devices', 'that', 'will', 'definitely', 'rise', 'you']"
174,"['20', 'drip pans', 'which', 'will', 'definitely', 'band together', 'you']"
175,"['28', 'bureaucrats', 'which', 'will', 'definitely', 'overfeed', 'you']"
176,"['25', 'aquatic ferns', 'which', 'will', 'definitely', 'whiten', 'you']"
177,"['19', 'speechs', 'which', 'will', 'definitely', 'defile', 'you']"
178,"['22', 'roomettes', 'which', 'will', 'definitely', 'run', 'you']"
179,"['29', 'predicates', 'which', 'will', 'definitely', 'top', 'you']"
180,"['18', 'novels', 'that', 'will', 'definitely', 'disinfest', 'you']"
181,"['16', 'horehounds', 'which', 'will', 'definitely', 'pick up', 'you']"
182,"['24', 'encapsulations', 'that', 'will', 'definitely', 'reunite', 'you']"
183,"['25', 'replys', 'that', 'will', 'definitely', 'expiate', 'you']"
184,"['23', 'tinnings', 'that', 'will', 'definitely', 'cachinnate', 'you']"
185,"['17', 'riding schools', 'that', 'will', 'definitely', 'add', 'you']"
186,"['21', 'sturnidaes', 'that', 'will', 'definitely', 'subdivide', 'you']"
187,"['29', 'gamblers', 'which', 'will', 'definitely', 'back', 'you']"
188,"['20', 'hemiramphidaes', 'which', 'will', 'definitely', 'sprinkle', 'you']"
189,"['20', 'siphons', 'that', 'will', 'definitely', 'reticulate', 'you']"
190,"['15', 'volleyballs', 'that', 'will', 'definitely', 'sputter', 'you']"
191,"['29', 'unit costs', 'which', 'will', 'definitely', 'smell', 'you']"
192,"['29', 'tappans', 'which', 'will', 'definitely', 'fret', 'you']"
193,"['29', 'wisconsin weeping willows', 'which', 'will', 'definitely', 'appeal', 'you']"
194,"['22', 'carduccis', 'which', 'will', 'definitely', 'plug', 'you']"
195,"['15', 'races', 'that', 'will', 'definitely', 'outclass', 'you']"
196,"['28', 'trims', 'that', 'will', 'definitely', 'vow', 'you']"
197,"['18', 'deltoids', 'which', 'will', 'definitely', 'store', 'you']"
198,"['20', 'foeniculums', 'which', 'will', 'definitely', 'make', 'you']"
199,"['27', 'brands', 'that', 'will', 'definitely', 'ride', 'you']"
200,"['22', 'poisons', 'which', 'will', 'definitely', 'bong', 'you']"
201,"['27', 'louisianans', 'that', 'will', 'definitely', 'take up', 'you']"
202,"['27', 'subsections', 'that', 'will', 'definitely', 'malt', 'you']"
203,"['23', 'posterior synechias', 'that', 'will', 'definitely', 'cannonade', 'you']"
204,"['29', 'manslaughters', 'which', 'will', 'definitely', 'gum up', 'you']"
205,"['15', 'closures', 'that', 'will', 'definitely', 'marvel', 'you']"
206,"['28', 'pyromaniacs', 'which', 'will', 'definitely', 'submerge', 'you']"
207,"['24', 'broad hatchets', 'which', 'will', 'definitely', 'tell off', 'you']"
208,"['15', 'regulars', 'that', 'will', 'definitely', 'lurk', 'you']"
209,"['20', 'conventionalitys', 'that', 'will', 'definitely', 'jilt', 'you']"
210,"['26', 'mantillas', 'which', 'will', 'definitely', 'appeal', 'you']"
211,"['17', 'ocean trips', 'that', 'will', 'definitely', 'condemn', 'you']"
212,"['18', 'starrs', 'that', 'will', 'definitely', 'indent', 'you']"
213,"['29', 'permalloys', 'that', 'will', 'definitely', 'rake', 'you']"
214,"['19', 'josephs', 'that', 'will', 'definitely', 'outmode', 'you']"
215,"['27', 'aisles', 'which', 'will', 'definitely', 'dun', 'you']"
216,"['28', 'field speedwells', 'that', 'will', 'definitely', 'go out', 'you']"
217,"['23', 'virginians', 'which', 'will', 'definitely', 'cut short', 'you']"
218,"['21', 'dancing schools', 'that', 'will', 'definitely', 'help', 'you']"
219,"['26', 'crowns', 'that', 'will', 'definitely', 'stooge', 'you']"
220,"['29', 'harbor patrols', 'which', 'will', 'definitely', 'design', 'you']"
221,"['18', 'anglicisms', 'which', 'will', 'definitely', 'get around to', 'you']"
222,"['23', 'electrostatic charges', 'which', 'will', 'definitely', 'expiate', 'you']"
223,"['21', 'popliteal veins', 'which', 'will', 'definitely', 'bonderize', 'you']"
224,"['24', 'tolbutamides', 'that', 'will', 'definitely', 'feint', 'you']"
225,"['21', 'organizations', 'that', 'will', 'definitely', 'visit', 'you']"
226,"['29', 'hydrogen bonds', 'which', 'will', 'definitely', 'conserve', 'you']"
227,"['29', 'manhattans', 'which', 'will', 'definitely', 'wrestle', 'you']"
228,"['25', 'displacements', 'that', 'will', 'definitely', 'roar', 'you']"
229,"['22', 'esophageal smears', 'that', 'will', 'definitely', 'oblige', 'you']"
230,"['28', 'aloes', 'that', 'will', 'definitely', 'show', 'you']"
231,"['25', 'tires', 'which', 'will', 'definitely', 'outshout', 'you']"
232,"['16', 'von neumanns', 'that', 'will', 'definitely', 'bark', 'you']"
233,"['18', 'ball-peen hammers', 'which', 'will', 'definitely', 'snaffle', 'you']"
234,"['16', 'suksdorfias', 'which', 'will', 'definitely', 'unsolder', 'you']"
235,"['29', 'fashions', 'which', 'will', 'definitely', 'scale', 'you']"
236,"['29', 'santiagos', 'which', 'will', 'definitely', 'see double', 'you']"
237,"['23', 'delawares', 'which', 'will', 'definitely', 'invoke', 'you']"
238,"['29', 'unitarianisms', 'that', 'will', 'definitely', 'platinize', 'you']"
239,"['17', 'protective coverings', 'which', 'will', 'definitely', 'confabulate', 'you']"
240,"['23', 'food courts', 'which', 'will', 'definitely', 'park', 'you']"
241,"['16', 'headers', 'that', 'will', 'definitely', 'celebrate', 'you']"
242,"['23', 'nephthytis afzeliis', 'which', 'will', 'definitely', 'miaou', 'you']"
243,"['26', 'experiences', 'which', 'will', 'definitely', 'derequisition', 'you']"
244,"['27', 'inner lights', 'that', 'will', 'definitely', 'unstuff', 'you']"
245,"['26', 'stars', 'that', 'will', 'definitely', 'make out', 'you']"
246,"['19', 'mouthpieces', 'that', 'will', 'definitely', 'quick-freeze', 'you']"
247,"['22', 'indianans', 'which', 'will', 'definitely', 'redden', 'you']"
248,"['22', 'clotheshorses', 'that', 'will', 'definitely', 'saw', 'you']"
249,"['29', 'moss pinks', 'that', 'will', 'definitely', 'correlate', 'you']"
250,"['18', 'commands', 'which', 'will', 'definitely', 'come to life', 'you']"
251,"['17', 'vesper sparrows', 'that', 'will', 'definitely', 'out-herod', 'you']"
252,"['17', 'bleedings', 'that', 'will', 'definitely', 'educe', 'you']"
253,"['28', 'caffein addictions', 'that', 'will', 'definitely', 'curdle', 'you']"
254,"['18', 'insults', 'that', 'will', 'definitely', 'anticipate', 'you']"
255,"['28', 'triple-crown seasons', 'which', 'will', 'definitely', 'crack up', 'you']"
256,"['29', 'abnormalitys', 'which', 'will', 'definitely', 'disadvantage', 'you']"
257,"['17', 'victory celebrations', 'that', 'will', 'definitely', 'process', 'you']"
258,"['17', 'carlsbads', 'which', 'will', 'definitely', 'signify', 'you']"
259,"['26', 'light welterweights', 'which', 'will', 'definitely', 'double-check', 'you']"
260,"['21', 'sloaneas', 'which', 'will', 'definitely', 'clap', 'you']"
261,"['21', 'portieres', 'that', 'will', 'definitely', 'play out', 'you']"
262,"['28', 'turns', 'that', 'will', 'definitely', 'sally forth', 'you']"
263,"['23', 'denigrations', 'that', 'will', 'definitely', 'propose', 'you']"
264,"['29', 'carpospores', 'that', 'will', 'definitely', 'excise', 'you']"
265,"['28', 'bellys', 'which', 'will', 'definitely', 'tailgate', 'you']"
266,"['25', 'snow gums', 'which', 'will', 'definitely', 'unbalance', 'you']"
267,"['22', 'outstrokes', 'which', 'will', 'definitely', 'keep in', 'you']"
268,"['23', 'printings', 'which', 'will', 'definitely', 'analyze', 'you']"
269,"['21', 'suez canals', 'which', 'will', 'definitely', 'separate', 'you']"
270,"['26', 'ambystomids', 'that', 'will', 'definitely', 'christianize', 'you']"
271,"['19', 'nicaeas', 'that', 'will', 'definitely', 'divide', 'you']"
272,"['19', 'copepods', 'that', 'will', 'definitely', 'feed', 'you']"
273,"['16', ""asperger's syndromes"", 'which', 'will', 'definitely', 'rap', 'you']"
274,"['19', 'bobs', 'that', 'will', 'definitely', 'teetotal', 'you']"
275,"['25', 'chameleons', 'which', 'will', 'definitely', 'cinch', 'you']"
276,"['28', 'hoop pines', 'that', 'will', 'definitely', 'costume', 'you']"
277,"['17', 'phanerozoics', 'which', 'will', 'definitely', 'punch', 'you']"
278,"['28', 'bullet holes', 'that', 'will', 'definitely', 'take a dare', 'you']"
279,"['27', 'arm-twistings', 'which', 'will', 'definitely', 'act', 'you']"
280,"['16', 'registrations', 'which', 'will', 'definitely', 'leaf', 'you']"
281,"['28', 'philanthropys', 'which', 'will', 'definitely', 'elapse', 'you']"
282,"['19', 'kettle holes', 'which', 'will', 'definitely', 'call', 'you']"
283,"['28', 'gounods', 'which', 'will', 'definitely', 'transit', 'you']"
284,"['26', 'cowpen daisys', 'which', 'will', 'definitely', 'date', 'you']"
285,"['29', 'right of ways', 'which', 'will', 'definitely', 'behave', 'you']"
286,"['24', 'terces', 'that', 'will', 'definitely', 'reshape', 'you']"
287,"['17', 'john chrysostoms', 'which', 'will', 'definitely', 'disunify', 'you']"
288,"['15', 'eczema herpeticums', 'that', 'will', 'definitely', 'reeve', 'you']"
289,"['24', 'adieus', 'which', 'will', 'definitely', 'shatter', 'you']"
290,"['25', 'bowling leagues', 'that', 'will', 'definitely', 'severalize', 'you']"
291,"['19', 'linear leafs', 'which', 'will', 'definitely', 'preform', 'you']"
292,"['19', 'games', 'which', 'will', 'definitely', 'befuddle', 'you']"
293,"['29', 'shoeboxs', 'that', 'will', 'definitely', 'bushwhack', 'you']"
294,"['19', 'gell-manns', 'which', 'will', 'definitely', 'express', 'you']"
295,"['21', 'involucres', 'that', 'will', 'definitely', 'plow', 'you']"
296,"['25', 'blister rusts', 'that', 'will', 'definitely', 'die', 'you']"
297,"['29', 'psocopteras', 'that', 'will', 'definitely', 'piece', 'you']"
298,"['27', 'house-raisings', 'which', 'will', 'definitely', 'bisect', 'you']"
299,"['21', 'seljuks', 'that', 'will', 'definitely', 'ford', 'you']"
300,"['15', 'fortunas', 'which', 'will', 'definitely', 'sleep', 'you']"
301,"['18', 'caseworks', 'which', 'will', 'definitely', 'place', 'you']"
302,"['17', 'hebraists', 'that', 'will', 'definitely', 'tongue', 'you']"
303,"['27', 'mitral valve prolapses', 'that', 'will', 'definitely', 'superscribe', 'you']"
304,"['28', 'bratislavas', 'which', 'will', 'definitely', 'post', 'you']"
305,"['16', 'new havens', 'that', 'will', 'definitely', 'swan', 'you']"
306,"['21', 'birth controls', 'that', 'will', 'definitely', 'irritate', 'you']"
307,"['20', 'lodestones', 'that', 'will', 'definitely', 'calligraph', 'you']"
308,"['23', 'fleet streets', 'which', 'will', 'definitely', 'form', 'you']"
309,"['29', 'hog peanuts', 'which', 'will', 'definitely', 'prim', 'you']"
310,"['16', 'inroads', 'that', 'will', 'definitely', 'imply', 'you']"
311,"['26', 'anxietys', 'which', 'will', 'definitely', 'model', 'you']"
312,"['29', 'ogcocephalidaes', 'that', 'will', 'definitely', 'scoff', 'you']"
313,"['16', 'promptbooks', 'that', 'will', 'definitely', 'frog', 'you']"
314,"['21', 'grabbers', 'which', 'will', 'definitely', 'steepen', 'you']"
315,"['26', 'elongations', 'that', 'will', 'definitely', 'vamp', 'you']"
316,"['28', 'chrestomathys', 'that', 'will', 'definitely', 'besiege', 'you']"
317,"['15', 'palmistrys', 'that', 'will', 'definitely', 'belong', 'you']"
318,"['15', 'incisions', 'which', 'will', 'definitely', 'make sense', 'you']"
319,"['28', 'geastraceaes', 'that', 'will', 'definitely', 'testify', 'you']"
320,"['22', 'relational adjectives', 'which', 'will', 'definitely', 'betake oneself', 'you']"
321,"['23', 'book tokens', 'which', 'will', 'definitely', 'thrombose', 'you']"
322,"['22', 'ismailis', 'which', 'will', 'definitely', 'retire', 'you']"
323,"['21', 'zygodactyl foots', 'that', 'will', 'definitely', 'rat', 'you']"
324,"['19', 'drafts', 'that', 'will', 'definitely', 'stall', 'you']"
325,"['19', 'divided highways', 'which', 'will', 'definitely', 'clinch', 'you']"
326,"['23', 'couchs', 'that', 'will', 'definitely', 'whitewash', 'you']"
327,"['15', 'luffas', 'which', 'will', 'definitely', 'smell', 'you']"
328,"['22', 'adults', 'that', 'will', 'definitely', 'empty', 'you']"
329,"['23', 'ligatures', 'which', 'will', 'definitely', 'apply', 'you']"
330,"['18', 'organs', 'which', 'will', 'definitely', ""flip one's lid"", 'you']"
331,"['25', 'radioactive iodine excretion tests', 'that', 'will', 'definitely', 'surfeit', 'you']"
332,"['18', 'founds', 'which', 'will', 'definitely', 'reprobate', 'you']"
333,"['29', 'kharkovs', 'that', 'will', 'definitely', 'launch', 'you']"
334,"['18', 'takelmas', 'which', 'will', 'definitely', 'embrittle', 'you']"
335,"['21', 'recruiters', 'that', 'will', 'definitely', 'luck out', 'you']"
336,"['18', 'celerys', 'which', 'will', 'definitely', 'signalize', 'you']"
337,"['26', 'voting systems', 'that', 'will', 'definitely', 'suppose', 'you']"
338,"['27', 'utilitarianisms', 'which', 'will', 'definitely', 'get at', 'you']"
339,"['26', 'chlorofluorocarbons', 'that', 'will', 'definitely', 'satisfice', 'you']"
340,"['17', 'discretions', 'which', 'will', 'definitely', 'beat', 'you']"
341,"['26', 'caps', 'that', 'will', 'definitely', 'iridesce', 'you']"
342,"['25', 'gammopathys', 'which', 'will', 'definitely', 'outbid', 'you']"
343,"['19', 'evangelical united brethren churchs', 'which', 'will', 'definitely', 'hum', 'you']"
344,"['26', 'balsam of perus', 'that', 'will', 'definitely', 'represent', 'you']"
345,"['28', 'brake cylinders', 'which', 'will', 'definitely', 'pitch', 'you']"
346,"['17', 'judges', 'that', 'will', 'definitely', 'thatch', 'you']"
347,"['28', 'eyres', 'that', 'will', 'definitely', 'capitulate', 'you']"
348,"['17', 'frisias', 'that', 'will', 'definitely', 'crown', 'you']"
349,"['21', 'parameters', 'which', 'will', 'definitely', 'ting', 'you']"
350,"['21', 'jaconets', 'which', 'will', 'definitely', 'go around', 'you']"
351,"['17', 'new world tapirs', 'that', 'will', 'definitely', 'roar', 'you']"
352,"['16', 'red-shafted flickers', 'that', 'will', 'definitely', 'make', 'you']"
353,"['26', 'anchorages', 'which', 'will', 'definitely', 'numerate', 'you']"
354,"['26', 'squash courts', 'that', 'will', 'definitely', 'sediment', 'you']"
355,"['26', 'heart failures', 'which', 'will', 'definitely', 'perk up', 'you']"
356,"['17', 'fluidounces', 'that', 'will', 'definitely', 'avail', 'you']"
357,"['18', 'stoicisms', 'which', 'will', 'definitely', 'podcast', 'you']"
358,"['28', 'dickeys', 'that', 'will', 'definitely', 'dispread', 'you']"
359,"['26', 'wild sages', 'which', 'will', 'definitely', 'orient', 'you']"
360,"['27', 'dilators', 'which', 'will', 'definitely', 'hesitate', 'you']"
361,"['23', 'degeneracys', 'that', 'will', 'definitely', 'sack', 'you']"
362,"['25', 'dehydrations', 'which', 'will', 'definitely', 'deregulate', 'you']"
363,"['26', 'felicitys', 'that', 'will', 'definitely', 'resurge', 'you']"
364,"['21', 'misogynists', 'that', 'will', 'definitely', 'resolve', 'you']"
365,"['28', 'solar radiations', 'which', 'will', 'definitely', 'take out', 'you']"
366,"['28', 'one-sixty-fourths', 'that', 'will', 'definitely', 'evacuate', 'you']"
367,"['21', 'vaults', 'that', 'will', 'definitely', 'deepen', 'you']"
368,"['15', 'trade bills', 'that', 'will', 'definitely', 'overemphasize', 'you']"
369,"['15', 'pumpkin ashs', 'which', 'will', 'definitely', 'canvas', 'you']"
370,"['15', 'narthexs', 'that', 'will', 'definitely', 'fertilize', 'you']"
371,"['24', 'disk clutchs', 'that', 'will', 'definitely', 'pace', 'you']"
372,"['23', 'potshots', 'that', 'will', 'definitely', 'carry', 'you']"
373,"['19', 'places', 'which', 'will', 'definitely', 'aim', 'you']"
374,"['23', 'slips', 'which', 'will', 'definitely', 'undergrow', 'you']"
375,"['23', 'musas', 'which', 'will', 'definitely', 'hydrogen-bomb', 'you']"
376,"['20', 'simonizs', 'which', 'will', 'definitely', 'decalcify', 'you']"
377,"['15', 'unitizations', 'which', 'will', 'definitely', 'separate', 'you']"
378,"['20', 'summer tanagers', 'which', 'will', 'definitely', 'damascene', 'you']"
379,"['21', 'white sauces', 'that', 'will', 'definitely', 'deglycerolize', 'you']"
380,"['19', 'public-relations campaigns', 'that', 'will', 'definitely', 'thrust', 'you']"
381,"['25', 'geostrategys', 'which', 'will', 'definitely', 'rehear', 'you']"
382,"['19', 'cains', 'that', 'will', 'definitely', 'charge', 'you']"
383,"['18', 'systems analysts', 'that', 'will', 'definitely', 'work', 'you']"
384,"['22', 'masjids', 'that', 'will', 'definitely', 'pump', 'you']"
385,"['18', 'foots', 'that', 'will', 'definitely', 'roast', 'you']"
386,"['29', 'screen fonts', 'which', 'will', 'definitely', 'bruise', 'you']"
387,"['26', 'naval installations', 'that', 'will', 'definitely', 'spark', 'you']"
388,"['25', 'cucumber trees', 'which', 'will', 'definitely', 'well', 'you']"
389,"['23', 'smalleys', 'which', 'will', 'definitely', 'soften', 'you']"
390,"['22', 'durrells', 'which', 'will', 'definitely', 'flex', 'you']"
391,"['27', 'pius vis', 'which', 'will', 'definitely', 'erode', 'you']"
392,"['23', 'rock bottoms', 'which', 'will', 'definitely', 'overlook', 'you']"
393,"['21', 'sign industrys', 'which', 'will', 'definitely', 'fusillade', 'you']"
394,"['29', 'pilot experiments', 'which', 'will', 'definitely', 'general', 'you']"
395,"['29', 'oil-water interfaces', 'which', 'will', 'definitely', 'launder', 'you']"
396,"['21', 'commands', 'which', 'will', 'definitely', 'recruit', 'you']"
397,"['22', 'manicottis', 'that', 'will', 'definitely', 'optimize', 'you']"
398,"['27', 'gallons', 'that', 'will', 'definitely', 'dissatisfy', 'you']"
399,"['26', 'amazonas', 'which', 'will', 'definitely', 'infiltrate', 'you']"
400,"['18', 'tocquevilles', 'which', 'will', 'definitely', 'perceive', 'you']"
401,"['22', 'exoticisms', 'which', 'will', 'definitely', 'crab', 'you']"
402,"['15', 'alderflys', 'which', 'will', 'definitely', 'misinterpret', 'you']"
403,"['26', 'beguines', 'which', 'will', 'definitely', 'collar', 'you']"
404,"['20', 'gasterosteidaes', 'that', 'will', 'definitely', 'photograph', 'you']"
405,"['16', 'villages', 'which', 'will', 'definitely', 'hew', 'you']"
406,"['23', 'whig partys', 'that', 'will', 'definitely', 'second-guess', 'you']"
407,"['25', 'reed stops', 'which', 'will', 'definitely', 'confer', 'you']"
408,"['19', 'tidal rivers', 'which', 'will', 'definitely', 'harm', 'you']"
409,"['25', 'menispermaceaes', 'which', 'will', 'definitely', 'reincarnate', 'you']"
410,"['19', 'effusions', 'that', 'will', 'definitely', 'preview', 'you']"
411,"['24', 'alexanders', 'which', 'will', 'definitely', 'fall apart', 'you']"
412,"['29', 'tea chests', 'that', 'will', 'definitely', 'line', 'you']"
413,"['22', 'calypsos', 'that', 'will', 'definitely', 'gulp', 'you']"
414,"['25', ""explorer's gentians"", 'that', 'will', 'definitely', 'defenestrate', 'you']"
415,"['22', 'polarizations', 'which', 'will', 'definitely', 'share', 'you']"
416,"['26', 'empty nesters', 'that', 'will', 'definitely', 'test', 'you']"
417,"['15', 'zambian kwachas', 'that', 'will', 'definitely', 'sound', 'you']"
418,"['16', 'term papers', 'that', 'will', 'definitely', 'believe', 'you']"
419,"['15', 'landscapes', 'that', 'will', 'definitely', 'streamline', 'you']"
420,"['18', 'delphiniums', 'that', 'will', 'definitely', 'steam', 'you']"
421,"['21', 'miracles', 'that', 'will', 'definitely', 'scar', 'you']"
422,"['25', 'pietys', 'which', 'will', 'definitely', 'beat', 'you']"
423,"['20', 'trackballs', 'which', 'will', 'definitely', 'explode', 'you']"
424,"['28', 'water travels', 'which', 'will', 'definitely', 'screw', 'you']"
425,"['23', 'vanbrughs', 'which', 'will', 'definitely', 'flesh', 'you']"
426,"['21', 'ribbons', 'that', 'will', 'definitely', 'submerge', 'you']"
427,"['22', 'approximations', 'that', 'will', 'definitely', 'heel', 'you']"
428,"['28', 'checksums', 'that', 'will', 'definitely', 'effloresce', 'you']"
429,"['16', 'kolkhozniks', 'which', 'will', 'definitely', 'compromise', 'you']"
430,"['27', 'oenotheras', 'which', 'will', 'definitely', 'cry', 'you']"
431,"['17', 'music boxs', 'which', 'will', 'definitely', 'impersonate', 'you']"
432,"['28', 'spoons', 'which', 'will', 'definitely', 'unite', 'you']"
433,"['20', 'lecherys', 'which', 'will', 'definitely', 'clear up', 'you']"
434,"['24', 'anthraxs', 'that', 'will', 'definitely', 'engage', 'you']"
435,"['18', 'interoceptions', 'that', 'will', 'definitely', 'blacken', 'you']"
436,"['17', 'city halls', 'which', 'will', 'definitely', 'bayonet', 'you']"
437,"['19', 'chinese chestnuts', 'that', 'will', 'definitely', 'sustain', 'you']"
438,"['20', 'injectors', 'that', 'will', 'definitely', 'desulfurize', 'you']"
439,"['25', 'salientias', 'that', 'will', 'definitely', 'etymologize', 'you']"
440,"['26', 'proenzymes', 'that', 'will', 'definitely', 'regenerate', 'you']"
441,"['16', 'entitys', 'which', 'will', 'definitely', 'scheme', 'you']"
442,"['16', 'yesterdays', 'that', 'will', 'definitely', 'disagree with', 'you']"
443,"['25', 'forest goats', 'that', 'will', 'definitely', 'balance', 'you']"
444,"['22', 'tempos', 'which', 'will', 'definitely', 'cut short', 'you']"
445,"['29', 'cd-rom drives', 'which', 'will', 'definitely', 'score', 'you']"
446,"['28', 'depressions', 'which', 'will', 'definitely', 'mistime', 'you']"
447,"['19', 'sanitary codes', 'which', 'will', 'definitely', 'sponge', 'you']"
448,"['27', 'rhyniaceaes', 'that', 'will', 'definitely', 'dally', 'you']"
449,"['26', 'houstons', 'which', 'will', 'definitely', 'swelter', 'you']"
450,"['17', 'sorptions', 'that', 'will', 'definitely', 'alcoholize', 'you']"
451,"['20', 'counterfactualitys', 'which', 'will', 'definitely', 'sharpshoot', 'you']"
452,"['20', 'personal cares', 'that', 'will', 'definitely', 'break through', 'you']"
453,"['15', 'cautions', 'that', 'will', 'definitely', 'thatch', 'you']"
454,"['17', 'black guillemots', 'which', 'will', 'definitely', 'launch', 'you']"
455,"['26', 'manufacturers', 'which', 'will', 'definitely', 'top', 'you']"
456,"['26', 'swings', 'that', 'will', 'definitely', 'pour', 'you']"
457,"['23', 'sapphirines', 'that', 'will', 'definitely', 'ignore', 'you']"
458,"['20', ""bartholin's glands"", 'which', 'will', 'definitely', 'ward off', 'you']"
459,"['28', 'splint bones', 'which', 'will', 'definitely', 'coke', 'you']"
460,"['28', 'hedgers', 'which', 'will', 'definitely', 'alienate', 'you']"
461,"['23', 'lasiocampas', 'which', 'will', 'definitely', 'run off', 'you']"
462,"['25', 'aalborgs', 'that', 'will', 'definitely', 'intersperse', 'you']"
463,"['17', 'sphaeralceas', 'that', 'will', 'definitely', 'walk', 'you']"
464,"['24', 'paillasses', 'which', 'will', 'definitely', 'troll', 'you']"
465,"['29', 'affine transformations', 'that', 'will', 'definitely', 'express', 'you']"
466,"['21', 'shredders', 'which', 'will', 'definitely', 'anticipate', 'you']"
467,"['19', 'pulse generators', 'that', 'will', 'definitely', 'profiteer', 'you']"
468,"['25', 'hydras', 'that', 'will', 'definitely', 'sluice', 'you']"
469,"['25', 'gargles', 'that', 'will', 'definitely', 'reign', 'you']"
470,"['18', 'meltwaters', 'which', 'will', 'definitely', 'wedel', 'you']"
471,"['21', 'dishrags', 'that', 'will', 'definitely', 'credit', 'you']"
472,"['27', 'spider flowers', 'that', 'will', 'definitely', 'clench', 'you']"
473,"['22', 'lashkar-e-taibas', 'which', 'will', 'definitely', 'pen up', 'you']"
474,"['15', 'screenings', 'which', 'will', 'definitely', 'call on the carpet', 'you']"
475,"['16', 'decrepitations', 'that', 'will', 'definitely', 'add', 'you']"
476,"['18', 'old latins', 'that', 'will', 'definitely', 'sell short', 'you']"
477,"['16', 'sphecoideas', 'that', 'will', 'definitely', 'beset', 'you']"
478,"['16', 'rhines', 'which', 'will', 'definitely', 'run', 'you']"
479,"['18', 'popularisms', 'which', 'will', 'definitely', 'attract', 'you']"
480,"['27', 'oscans', 'that', 'will', 'definitely', 'jump', 'you']"
481,"['18', 'california box elders', 'that', 'will', 'definitely', 'radiolocate', 'you']"
482,"['18', 'short waves', 'that', 'will', 'definitely', 'consider', 'you']"
483,"['25', 'copals', 'which', 'will', 'definitely', 'catch', 'you']"
484,"['18', 'marble cakes', 'which', 'will', 'definitely', 'reticulate', 'you']"
485,"['18', 'capitals', 'which', 'will', 'definitely', 'besiege', 'you']"
486,"['23', 'trichotillomanias', 'that', 'will', 'definitely', 'charge', 'you']"
487,"['17', 'dwarf maples', 'that', 'will', 'definitely', 'overcapitalize', 'you']"
488,"['19', 'cherubinis', 'that', 'will', 'definitely', 'put in', 'you']"
489,"['17', 'reckoners', 'which', 'will', 'definitely', 'get out', 'you']"
490,"['17', 'math teachers', 'that', 'will', 'definitely', 'work out', 'you']"
491,"['18', 'heavyweights', 'which', 'will', 'definitely', 'wash', 'you']"
492,"['15', 'woodland stars', 'which', 'will', 'definitely', 'about-face', 'you']"
493,"['15', 'liliidaes', 'that', 'will', 'definitely', 'doubt', 'you']"
494,"['17', 'mauritanians', 'which', 'will', 'definitely', 'jab', 'you']"
495,"['22', 'bitt pins', 'which', 'will', 'definitely', 'constitute', 'you']"
496,"['28', 'blue-headed vireos', 'which', 'will', 'definitely', 'bogey', 'you']"
497,"['16', 'street credibilitys', 'that', 'will', 'definitely', 'get along with', 'you']"
498,"['24', 'buffalos', 'that', 'will', 'definitely', 'backcross', 'you']"
499,"['17', 'ignitions', 'that', 'will', 'definitely', 'run down', 'you']"
500,"['24', 'fibrous tissues', 'which', 'will', 'definitely', 'sprout', 'you']"
501,"['16', 'straight and narrows', 'that', 'will', 'definitely', 'sew', 'you']"
502,"['21', 'caprioles', 'which', 'will', 'definitely', 'place', 'you']"
503,"['22', 'affairs', 'that', 'will', 'definitely', 'abandon', 'you']"
504,"['23', 'presages', 'which', 'will', 'definitely', 'block', 'you']"
505,"['24', 'yellowtail flounders', 'that', 'will', 'definitely', 'alienate', 'you']"
506,"['20', 'dvoraks', 'which', 'will', 'definitely', 'smoothen', 'you']"
507,"['16', 'djiboutians', 'which', 'will', 'definitely', 'commemorate', 'you']"
508,"['21', 'ordinal numbers', 'which', 'will', 'definitely', 'carbonize', 'you']"
509,"['17', 'contributions', 'that', 'will', 'definitely', 'carry', 'you']"
510,"['26', 'hardtacks', 'that', 'will', 'definitely', 'lunch', 'you']"
511,"['24', 'neckpieces', 'which', 'will', 'definitely', 'leverage', 'you']"
512,"['25', 'monorails', 'that', 'will', 'definitely', 'mineralize', 'you']"
513,"['15', 'apprehensions', 'that', 'will', 'definitely', 'rise', 'you']"
514,"['20', 'mastheads', 'that', 'will', 'definitely', 'escape', 'you']"
515,"['21', 'calls', 'that', 'will', 'definitely', 'clench', 'you']"
516,"['22', 'owensboros', 'that', 'will', 'definitely', 'housebreak', 'you']"
517,"['18', 'voussoirs', 'that', 'will', 'definitely', 'transpire', 'you']"
518,"['27', 'subsumptions', 'that', 'will', 'definitely', 'scrape', 'you']"
519,"['22', 'mainlands', 'that', 'will', 'definitely', 'serve', 'you']"
520,"['16', 'pimps', 'which', 'will', 'definitely', 'relace', 'you']"
521,"['26', 'affected roles', 'which', 'will', 'definitely', 'plate', 'you']"
522,"['28', 'cover crops', 'which', 'will', 'definitely', 'put', 'you']"
523,"['24', 'placoderms', 'that', 'will', 'definitely', 'turn', 'you']"
524,"['23', 'brazil nuts', 'that', 'will', 'definitely', 'back', 'you']"
525,"['21', 'uncompahgre peaks', 'which', 'will', 'definitely', 'consult', 'you']"
526,"['28', 'archdioceses', 'which', 'will', 'definitely', 'by-bid', 'you']"
527,"['19', 'edmund iis', 'that', 'will', 'definitely', 'plunge', 'you']"
528,"['29', 'crocethias', 'which', 'will', 'definitely', 'reassure', 'you']"
529,"['28', 'variations', 'which', 'will', 'definitely', 'take the stage', 'you']"
530,"['16', 'capitalizations', 'that', 'will', 'definitely', 'heel', 'you']"
531,"['19', 'blacks', 'which', 'will', 'definitely', 'retain', 'you']"
532,"['17', 'smegmas', 'which', 'will', 'definitely', 'denaturalize', 'you']"
533,"['22', 'beths', 'that', 'will', 'definitely', 'scavenge', 'you']"
534,"['29', 'wolfs', 'which', 'will', 'definitely', 'drizzle', 'you']"
535,"['19', 'planned communitys', 'that', 'will', 'definitely', 'unspell', 'you']"
536,"['22', 'el pasos', 'which', 'will', 'definitely', 'worry', 'you']"
537,"['18', 'geometrys', 'which', 'will', 'definitely', 'pledge', 'you']"
538,"['17', 'sports cars', 'that', 'will', 'definitely', 'isolate', 'you']"
539,"['20', 'transvestisms', 'that', 'will', 'definitely', 'clear', 'you']"
540,"['15', 'bent hangs', 'that', 'will', 'definitely', 'maroon', 'you']"
541,"['15', 'reciprocations', 'which', 'will', 'definitely', 'suction', 'you']"
542,"['20', 'pidgins', 'which', 'will', 'definitely', 'net', 'you']"
543,"['29', 'crop failures', 'which', 'will', 'definitely', 'fall into', 'you']"
544,"['15', 'stone curlews', 'which', 'will', 'definitely', 'seek', 'you']"
545,"['22', 'strains', 'which', 'will', 'definitely', 'flare', 'you']"
546,"['29', 'facsimiles', 'that', 'will', 'definitely', 'tutor', 'you']"
547,"['18', 'pomps', 'that', 'will', 'definitely', 'afford', 'you']"
548,"['28', 'california sycamores', 'that', 'will', 'definitely', 'hang together', 'you']"
549,"['15', 'aeries', 'which', 'will', 'definitely', 'gradate', 'you']"
550,"['26', 'uptimes', 'that', 'will', 'definitely', 'whisk off', 'you']"
551,"['28', 'slender salamanders', 'which', 'will', 'definitely', 'hustle', 'you']"
552,"['15', 'buddhisms', 'that', 'will', 'definitely', 'soft-pedal', 'you']"
553,"['18', 'virginia waterleafs', 'that', 'will', 'definitely', 'transpose', 'you']"
554,"['21', 'googles', 'which', 'will', 'definitely', 'crayon', 'you']"
555,"['24', 'glebas', 'that', 'will', 'definitely', 'overwhelm', 'you']"
556,"['17', 'idealizations', 'which', 'will', 'definitely', 'derail', 'you']"
557,"['27', 'blows', 'that', 'will', 'definitely', 'dally', 'you']"
558,"['22', 'speech intelligibilitys', 'that', 'will', 'definitely', 'tender', 'you']"
559,"['18', 'erythroniums', 'that', 'will', 'definitely', 'go', 'you']"
560,"['20', 'prajapatis', 'which', 'will', 'definitely', 'unhand', 'you']"
561,"['29', 'worcesters', 'that', 'will', 'definitely', 'compel', 'you']"
562,"['25', 'paninis', 'which', 'will', 'definitely', 'overbalance', 'you']"
563,"['21', 'field mouses', 'that', 'will', 'definitely', 'kick', 'you']"
564,"['20', 'common brooms', 'which', 'will', 'definitely', 'thrash', 'you']"
565,"['17', 'usherettes', 'that', 'will', 'definitely', 'screen', 'you']"
566,"['15', 'transcendental numbers', 'which', 'will', 'definitely', 'burn', 'you']"
567,"['21', 'de la mares', 'that', 'will', 'definitely', 'guard', 'you']"
568,"['29', 'alstroemerias', 'that', 'will', 'definitely', 'dodge', 'you']"
569,"['28', 'saudi arabian monetary units', 'that', 'will', 'definitely', 'rebuff', 'you']"
570,"['27', 'breakfasts', 'that', 'will', 'definitely', 'admit', 'you']"
571,"['18', 'complementaritys', 'which', 'will', 'definitely', 'whisk', 'you']"
572,"['17', 'john henrys', 'that', 'will', 'definitely', 'devalue', 'you']"
573,"['29', 'biosafety level 4s', 'that', 'will', 'definitely', 'pestle', 'you']"
574,"['22', 'gamma radiations', 'that', 'will', 'definitely', 'rumble', 'you']"
575,"['24', 'pond-scum parasites', 'that', 'will', 'definitely', 'carry', 'you']"
576,"['26', 'genus jabirus', 'that', 'will', 'definitely', 'bounce', 'you']"
577,"['20', 'hedge sparrows', 'which', 'will', 'definitely', 'condition', 'you']"
578,"['22', 'pargetings', 'which', 'will', 'definitely', 'assume', 'you']"
579,"['20', 'walkers', 'that', 'will', 'definitely', 'account', 'you']"
580,"['23', 'glutens', 'that', 'will', 'definitely', 'brush', 'you']"
581,"['16', 'eruptions', 'which', 'will', 'definitely', 'surcharge', 'you']"
582,"['15', 'window washers', 'that', 'will', 'definitely', 'drag on', 'you']"
583,"['15', 'heraldrys', 'that', 'will', 'definitely', 'bounce', 'you']"
584,"['16', 'aphrodites', 'which', 'will', 'definitely', 'uproot', 'you']"
585,"['28', 'soap operas', 'that', 'will', 'definitely', 'blockade', 'you']"
586,"['24', 'minoan civilizations', 'which', 'will', 'definitely', 'overprotect', 'you']"
587,"['25', 'thrombins', 'that', 'will', 'definitely', 'jellify', 'you']"
588,"['27', 'home theaters', 'which', 'will', 'definitely', 'bottlefeed', 'you']"
589,"['27', 'first quarters', 'which', 'will', 'definitely', 'consolidate', 'you']"
590,"['15', 'priestleys', 'which', 'will', 'definitely', 'cloud', 'you']"
591,"['25', 'corneilles', 'that', 'will', 'definitely', 'snort', 'you']"
592,"['27', 'nicotine poisonings', 'which', 'will', 'definitely', 'backstroke', 'you']"
593,"['27', 'publishing conglomerates', 'that', 'will', 'definitely', 'range', 'you']"
594,"['19', 'states', 'that', 'will', 'definitely', 'buoy', 'you']"
595,"['16', 'semi-detached houses', 'which', 'will', 'definitely', 'know', 'you']"
596,"['24', 'tropidoclonions', 'which', 'will', 'definitely', 'interpellate', 'you']"
597,"['20', 'richter scales', 'that', 'will', 'definitely', 'pole', 'you']"
598,"['20', 'apatosaurs', 'that', 'will', 'definitely', 'examine', 'you']"
599,"['24', 'least sandpipers', 'that', 'will', 'definitely', 'aerosolize', 'you']"
600,"['19', 'spacings', 'that', 'will', 'definitely', 'communicate', 'you']"
601,"['17', 'administrations', 'which', 'will', 'definitely', 'readjust', 'you']"
602,"['16', 'south africas', 'which', 'will', 'definitely', 'buy back', 'you']"
603,"['17', 'dioscoreaceaes', 'which', 'will', 'definitely', 'strafe', 'you']"
604,"['16', 'arginines', 'that', 'will', 'definitely', 'stalk', 'you']"
605,"['20', 'superior thalamostriate veins', 'that', 'will', 'definitely', 'override', 'you']"
606,"['22', 'common fennels', 'that', 'will', 'definitely', 'originate in', 'you']"
607,"['21', 'monocytic leukemias', 'which', 'will', 'definitely', 'incubate', 'you']"
608,"['27', 'keycards', 'that', 'will', 'definitely', 'be full', 'you']"
609,"['17', 'research centers', 'that', 'will', 'definitely', 'align', 'you']"
610,"['29', 'laps', 'which', 'will', 'definitely', 'grok', 'you']"
611,"['27', 'anaphoras', 'that', 'will', 'definitely', 'pump', 'you']"
612,"['23', 'kamis', 'which', 'will', 'definitely', 'ship', 'you']"
613,"['17', 'lagomorphs', 'that', 'will', 'definitely', 'output', 'you']"
614,"['25', 'mergenthalers', 'which', 'will', 'definitely', 'change state', 'you']"
615,"['28', 'sheepsheads', 'which', 'will', 'definitely', 'feel like', 'you']"
616,"['24', 'cubebs', 'that', 'will', 'definitely', 'agree', 'you']"
617,"['24', 'bubble shells', 'that', 'will', 'definitely', 'counterpoint', 'you']"
618,"['23', 'hares', 'which', 'will', 'definitely', 'meet', 'you']"
619,"['28', 'porphyrias', 'which', 'will', 'definitely', 'put on', 'you']"
620,"['22', 'riss glaciations', 'which', 'will', 'definitely', 'inculcate', 'you']"
621,"['19', 'pyrrhics', 'which', 'will', 'definitely', 'wish', 'you']"
622,"['17', 'ulnar arterys', 'that', 'will', 'definitely', 'bandy', 'you']"
623,"['17', 'write-offs', 'that', 'will', 'definitely', 'get down', 'you']"
624,"['29', 'art collections', 'which', 'will', 'definitely', 'receive', 'you']"
625,"['24', 'feminists', 'which', 'will', 'definitely', 'declare', 'you']"
626,"['20', 'kilns', 'that', 'will', 'definitely', 'die', 'you']"
627,"['28', 'deweys', 'which', 'will', 'definitely', 'screen', 'you']"
628,"['22', 'dog wrenchs', 'that', 'will', 'definitely', 'stenograph', 'you']"
629,"['18', 'cations', 'which', 'will', 'definitely', 'contradict', 'you']"
630,"['28', 'acclimatizations', 'that', 'will', 'definitely', 'powwow', 'you']"
631,"['19', 'colloquys', 'that', 'will', 'definitely', 'kill', 'you']"
632,"['29', 'radar fires', 'which', 'will', 'definitely', 'suds', 'you']"
633,"['25', 'barters', 'that', 'will', 'definitely', 'snag', 'you']"
634,"['26', 'robber frogs', 'which', 'will', 'definitely', 'abound', 'you']"
635,"['22', 'field peas', 'which', 'will', 'definitely', 'second', 'you']"
636,"['18', 'zephaniahs', 'that', 'will', 'definitely', 'jumpstart', 'you']"
637,"['26', 'outputs', 'which', 'will', 'definitely', 'move back and forth', 'you']"
638,"['16', 'boars', 'which', 'will', 'definitely', 'rout up', 'you']"
639,"['25', 'treasurys', 'that', 'will', 'definitely', 'rule', 'you']"
640,"['29', 'leanders', 'which', 'will', 'definitely', 'nap', 'you']"
641,"['27', 'abortion pills', 'which', 'will', 'definitely', 'fatten', 'you']"
642,"['25', 'coatracks', 'that', 'will', 'definitely', 'disapprove', 'you']"
643,"['26', 'free phagocytes', 'that', 'will', 'definitely', 'cycle', 'you']"
644,"['26', 'stables', 'which', 'will', 'definitely', 'undress', 'you']"
645,"['18', 'anti-submarine rockets', 'which', 'will', 'definitely', 'pamper', 'you']"
646,"['28', 'effluviums', 'that', 'will', 'definitely', 'flush', 'you']"
647,"['28', 'football helmets', 'that', 'will', 'definitely', 'scald', 'you']"
648,"['16', 'feathers', 'that', 'will', 'definitely', 'seine', 'you']"
649,"['26', 'freshwater mussels', 'that', 'will', 'definitely', 'hyperextend', 'you']"
650,"['23', 'war of 1812s', 'that', 'will', 'definitely', 'relate', 'you']"
651,"['19', 'wynneas', 'that', 'will', 'definitely', 'account', 'you']"
652,"['16', 'bargains', 'which', 'will', 'definitely', 'help out', 'you']"
653,"['15', 'pontoons', 'that', 'will', 'definitely', 'blow', 'you']"
654,"['24', 'iridiums', 'that', 'will', 'definitely', 'hover', 'you']"
655,"['19', 'quarrymans', 'that', 'will', 'definitely', 'hum', 'you']"
656,"['26', 'sapphirines', 'which', 'will', 'definitely', 'get it', 'you']"
657,"['23', 'sao tomes', 'which', 'will', 'definitely', 'pair', 'you']"
658,"['23', 'prints', 'that', 'will', 'definitely', 'nominate', 'you']"
659,"['23', 'change of directions', 'that', 'will', 'definitely', 'carry', 'you']"
660,"['21', 'vitamin b2s', 'which', 'will', 'definitely', 'animadvert', 'you']"
661,"['26', 'chapattis', 'which', 'will', 'definitely', 'bedraggle', 'you']"
662,"['24', 'time units', 'which', 'will', 'definitely', 'sheathe', 'you']"
663,"['27', 'symbolatrys', 'which', 'will', 'definitely', 'air-condition', 'you']"
664,"['22', 'kokka shintos', 'that', 'will', 'definitely', 'relax', 'you']"
665,"['24', 'radiators', 'that', 'will', 'definitely', 'blurt out', 'you']"
666,"['22', 'double-reed instruments', 'that', 'will', 'definitely', 'rigidify', 'you']"
667,"['20', 'wing tips', 'that', 'will', 'definitely', 'unpack', 'you']"
668,"['19', 'bhangs', 'which', 'will', 'definitely', 'litter', 'you']"
669,"['21', 'cane sugars', 'which', 'will', 'definitely', 'function', 'you']"
670,"['19', 'internal cerebral veins', 'that', 'will', 'definitely', 'retranslate', 'you']"
671,"['25', 'sabins', 'which', 'will', 'definitely', 'rejuvenate', 'you']"
672,"['26', 'search engines', 'which', 'will', 'definitely', 'vroom', 'you']"
673,"['26', 'genus elsholtzias', 'that', 'will', 'definitely', 'subjugate', 'you']"
674,"['19', 'clearings', 'which', 'will', 'definitely', 'fulminate', 'you']"
675,"['25', 'sheepsheads', 'which', 'will', 'definitely', 'clinch', 'you']"
676,"['20', 'timolols', 'that', 'will', 'definitely', 'frighten', 'you']"
677,"['19', 'chamberlains', 'which', 'will', 'definitely', 'invade', 'you']"
678,"['15', 'pansy orchids', 'which', 'will', 'definitely', 'oxidise', 'you']"
679,"['29', 'card tricks', 'which', 'will', 'definitely', 'jog', 'you']"
680,"['20', 'ceterachs', 'that', 'will', 'definitely', 'overstrain', 'you']"
681,"['27', 'undershrubs', 'that', 'will', 'definitely', 'bench', 'you']"
682,"['20', 'rape suspects', 'that', 'will', 'definitely', 'shaft', 'you']"
683,"['21', 'guatemalans', 'which', 'will', 'definitely', 'restrict', 'you']"
684,"['20', 'mailmans', 'which', 'will', 'definitely', 'supplicate', 'you']"
685,"['22', 'gems', 'that', 'will', 'definitely', 'equal', 'you']"
686,"['22', 'persona non gratas', 'which', 'will', 'definitely', 'work', 'you']"
687,"['21', 'jazzs', 'which', 'will', 'definitely', 'numerate', 'you']"
688,"['20', 'ersatzs', 'which', 'will', 'definitely', 'multiply', 'you']"
689,"['16', 'northern snakeheads', 'which', 'will', 'definitely', 'serve', 'you']"
690,"['21', 'valdostas', 'which', 'will', 'definitely', 'gazette', 'you']"
691,"['23', 'alidades', 'which', 'will', 'definitely', 'stand by', 'you']"
692,"['22', 'shelffuls', 'that', 'will', 'definitely', 'clangor', 'you']"
693,"['17', 'motacillas', 'that', 'will', 'definitely', 'inhale', 'you']"
694,"['27', 'tintorettos', 'which', 'will', 'definitely', 'engrave', 'you']"
695,"['27', 'tutelos', 'that', 'will', 'definitely', 'worry', 'you']"
696,"['22', 'mycrosporidias', 'which', 'will', 'definitely', 'snake', 'you']"
697,"['28', 'installment plans', 'that', 'will', 'definitely', 'draw up', 'you']"
698,"['17', 'chronologys', 'which', 'will', 'definitely', 'vulgarize', 'you']"
699,"['27', 'snatch blocks', 'that', 'will', 'definitely', 'misspend', 'you']"
700,"['18', 'flexor muscles', 'that', 'will', 'definitely', 'standardize', 'you']"
701,"['18', 'newsrooms', 'which', 'will', 'definitely', 'gladden', 'you']"
702,"['24', 'widenings', 'that', 'will', 'definitely', 'pumice', 'you']"
703,"['15', 'hydroxyls', 'which', 'will', 'definitely', 'revoke', 'you']"
704,"['18', 'eustachian tubes', 'which', 'will', 'definitely', 'feel', 'you']"
705,"['15', 'orange yellows', 'that', 'will', 'definitely', 'tie', 'you']"
706,"['21', 'pelters', 'that', 'will', 'definitely', 'quarantine', 'you']"
707,"['27', 'pottles', 'which', 'will', 'definitely', 'file', 'you']"
708,"['25', 'incas', 'that', 'will', 'definitely', 'walk', 'you']"
709,"['15', 'diathermys', 'that', 'will', 'definitely', 'import', 'you']"
710,"['15', 'pipings', 'that', 'will', 'definitely', 'seize', 'you']"
711,"['20', 'rollers', 'which', 'will', 'definitely', 'lust after', 'you']"
712,"['27', 'tunicates', 'that', 'will', 'definitely', 'aspirate', 'you']"
713,"['18', 'muybridges', 'that', 'will', 'definitely', 'roll up', 'you']"
714,"['17', 'yucatecs', 'that', 'will', 'definitely', 'anesthetize', 'you']"
715,"['25', 'nautch girls', 'which', 'will', 'definitely', 'rearm', 'you']"
716,"['23', 'cookes', 'which', 'will', 'definitely', 'depend on', 'you']"
717,"['19', 'elderships', 'which', 'will', 'definitely', 'snag', 'you']"
718,"['22', 'pc boards', 'that', 'will', 'definitely', 'satellite', 'you']"
719,"['20', 'ballet skirts', 'which', 'will', 'definitely', 'stalinize', 'you']"
720,"['19', 'amphidiploidys', 'that', 'will', 'definitely', 'relativize', 'you']"
721,"['20', 'pine hyacinths', 'which', 'will', 'definitely', 'commune', 'you']"
722,"['26', 'anaclitic depressions', 'that', 'will', 'definitely', 'mark off', 'you']"
723,"['15', 'wells', 'which', 'will', 'definitely', 'shut off', 'you']"
724,"['26', 'ent mans', 'that', 'will', 'definitely', 'outmode', 'you']"
725,"['23', 'bigrams', 'which', 'will', 'definitely', 'steam', 'you']"
726,"['25', 'passions', 'which', 'will', 'definitely', 'misplace', 'you']"
727,"['20', 'armenian secret army for the liberation of armenias', 'that', 'will', 'definitely', 'storm', 'you']"
728,"['29', 'grandfather clocks', 'that', 'will', 'definitely', 'helm', 'you']"
729,"['25', 'noctuid moths', 'which', 'will', 'definitely', 'turn on', 'you']"
730,"['29', 'kitchen utensils', 'which', 'will', 'definitely', 'nestle', 'you']"
731,"['27', 'immigrations', 'that', 'will', 'definitely', 'ice skate', 'you']"
732,"['22', 'republicans', 'which', 'will', 'definitely', 'fetter', 'you']"
733,"['23', 'viscachas', 'which', 'will', 'definitely', 'concertize', 'you']"
734,"['18', 'discharge pipes', 'which', 'will', 'definitely', 'smash', 'you']"
735,"['19', 'flower powers', 'that', 'will', 'definitely', 'mask', 'you']"
736,"['16', 'celtic deitys', 'which', 'will', 'definitely', 'sweep', 'you']"
737,"['26', 'apollo asteroids', 'that', 'will', 'definitely', 'impel', 'you']"
738,"['24', 'lapplands', 'which', 'will', 'definitely', 'displease', 'you']"
739,"['22', 'ends', 'that', 'will', 'definitely', 'dally', 'you']"
740,"['24', 'synthesists', 'that', 'will', 'definitely', 'splice', 'you']"
741,"['17', 'lyricalitys', 'which', 'will', 'definitely', 'visit', 'you']"
742,"['25', 'holbeins', 'which', 'will', 'definitely', 'churn', 'you']"
743,"['19', 'pickups', 'which', 'will', 'definitely', 'nose', 'you']"
744,"['26', 'suitors', 'which', 'will', 'definitely', 'aim', 'you']"
745,"['29', ""da'wahs"", 'that', 'will', 'definitely', 'clear', 'you']"
746,"['22', 'immaculate conceptions', 'which', 'will', 'definitely', 'lave', 'you']"
747,"['25', 'linecuts', 'that', 'will', 'definitely', 'fruit', 'you']"
748,"['23', 'green alders', 'which', 'will', 'definitely', 'pillory', 'you']"
749,"['27', 'robber flys', 'which', 'will', 'definitely', 'retire', 'you']"
750,"['28', 'prophets', 'which', 'will', 'definitely', 'shrivel', 'you']"
751,"['24', 'advents', 'which', 'will', 'definitely', 'seal', 'you']"
752,"['20', 'oregon maples', 'that', 'will', 'definitely', 'strike', 'you']"
753,"['26', 'paleo-american cultures', 'which', 'will', 'definitely', 'discharge', 'you']"
754,"['17', 'cadaverines', 'that', 'will', 'definitely', 'argue', 'you']"
755,"['18', 'paper mulberrys', 'which', 'will', 'definitely', 'follow', 'you']"
756,"['17', 'staples', 'that', 'will', 'definitely', 'benefice', 'you']"
757,"['17', 'caladiums', 'which', 'will', 'definitely', 'semi-automatize', 'you']"
758,"['16', 'ejaculatory ducts', 'which', 'will', 'definitely', 'backpedal', 'you']"
759,"['26', 'house husbands', 'which', 'will', 'definitely', 'concede', 'you']"
760,"['20', 'wilsons', 'which', 'will', 'definitely', 'belong', 'you']"
761,"['17', 'nickels', 'which', 'will', 'definitely', 'douse', 'you']"
762,"['26', 'mock turtle soups', 'that', 'will', 'definitely', 'beat', 'you']"
763,"['29', 'cumbrias', 'which', 'will', 'definitely', 'switch-hit', 'you']"
764,"['17', 'beatniks', 'that', 'will', 'definitely', 'undock', 'you']"
765,"['20', 'godfathers', 'that', 'will', 'definitely', 'set', 'you']"
766,"['26', 'rebutters', 'which', 'will', 'definitely', 'profiteer', 'you']"
767,"['26', 'leases', 'that', 'will', 'definitely', 'fly contact', 'you']"
768,"['15', 'crenate leafs', 'which', 'will', 'definitely', 'grit', 'you']"
769,"['24', 'spartiums', 'which', 'will', 'definitely', 'concede', 'you']"
770,"['20', 'mexicans', 'that', 'will', 'definitely', 'emplace', 'you']"
771,"['18', 'special interests', 'that', 'will', 'definitely', 'fall', 'you']"
772,"['20', 'quotas', 'that', 'will', 'definitely', 'strike dumb', 'you']"
773,"['22', 'generositys', 'that', 'will', 'definitely', 'precipitate', 'you']"
774,"['17', 'liliths', 'which', 'will', 'definitely', 'place-kick', 'you']"
775,"['24', 'chauvinists', 'that', 'will', 'definitely', 'drink', 'you']"
776,"['26', 'oilmans', 'which', 'will', 'definitely', 'unclothe', 'you']"
777,"['25', 'credit bureaus', 'that', 'will', 'definitely', 'sieve out', 'you']"
778,"['27', 'accessory before the facts', 'which', 'will', 'definitely', 'pet', 'you']"
779,"['23', 'euphuisms', 'which', 'will', 'definitely', 'connect', 'you']"
780,"['25', 'wild indigos', 'which', 'will', 'definitely', 'put', 'you']"
781,"['28', 'vampires', 'that', 'will', 'definitely', 'containerize', 'you']"
782,"['23', 'restitutions', 'which', 'will', 'definitely', 'befall', 'you']"
783,"['26', 'knife blades', 'that', 'will', 'definitely', 'serve', 'you']"
784,"['17', 'square dancers', 'which', 'will', 'definitely', 'excommunicate', 'you']"
785,"['28', 'time intervals', 'which', 'will', 'definitely', 'soak', 'you']"
786,"['28', 'transmissions', 'which', 'will', 'definitely', 'troll', 'you']"
787,"['15', 'mineral kingdoms', 'which', 'will', 'definitely', 'forewarn', 'you']"
788,"['21', 'gigs', 'which', 'will', 'definitely', 'please', 'you']"
789,"['17', 'warhorses', 'that', 'will', 'definitely', 'collect', 'you']"
790,"['28', 'nasalitys', 'which', 'will', 'definitely', 'nod', 'you']"
791,"['17', 'tin pan alleys', 'which', 'will', 'definitely', 'spell', 'you']"
792,"['18', 'nachos', 'that', 'will', 'definitely', 'disappoint', 'you']"
793,"['26', 'liras', 'which', 'will', 'definitely', 'crack', 'you']"
794,"['17', ""washington's birthdays"", 'that', 'will', 'definitely', 'partake', 'you']"
795,"['29', 'parasails', 'that', 'will', 'definitely', 'fail', 'you']"
796,"['28', 'anaphoras', 'which', 'will', 'definitely', 'vouch', 'you']"
797,"['24', 'lullabys', 'which', 'will', 'definitely', 'outcall', 'you']"
798,"['18', 'tank engines', 'which', 'will', 'definitely', 'protest', 'you']"
799,"['16', 'armillaria ponderosas', 'that', 'will', 'definitely', 'transcribe', 'you']"
800,"['25', 'mid-atlantic ridges', 'which', 'will', 'definitely', 'duplex', 'you']"
801,"['28', 'pilot programs', 'that', 'will', 'definitely', 'untie', 'you']"
802,"['29', 'fatalisms', 'which', 'will', 'definitely', 'refuse', 'you']"
803,"['27', 'cuddys', 'that', 'will', 'definitely', 'glaze', 'you']"
804,"['29', 'doles', 'which', 'will', 'definitely', 'boycott', 'you']"
805,"['19', 'coast rhododendrons', 'which', 'will', 'definitely', 'make bold', 'you']"
806,"['16', 'transgressions', 'that', 'will', 'definitely', 'collectivize', 'you']"
807,"['26', 'lacertidaes', 'which', 'will', 'definitely', 'line up', 'you']"
808,"['22', 'survivors', 'which', 'will', 'definitely', 'yawp', 'you']"
809,"['18', 'toppings', 'that', 'will', 'definitely', 'capitalize', 'you']"
810,"['24', 'aglaonemas', 'that', 'will', 'definitely', 'distance', 'you']"
811,"['25', 'robber flys', 'that', 'will', 'definitely', 'square', 'you']"
812,"['29', 'agkistrodons', 'which', 'will', 'definitely', 'crab', 'you']"
813,"['18', 'cofactors', 'which', 'will', 'definitely', 'burn', 'you']"
814,"['17', ""adam's needles"", 'which', 'will', 'definitely', 'contain', 'you']"
815,"['23', 'glooms', 'that', 'will', 'definitely', 'reignite', 'you']"
816,"['25', 'kentuckians', 'that', 'will', 'definitely', 'carbonate', 'you']"
817,"['22', 'life expectancys', 'that', 'will', 'definitely', 'overtake', 'you']"
818,"['21', 'left gastric arterys', 'that', 'will', 'definitely', 'price', 'you']"
819,"['26', 'dangling participles', 'that', 'will', 'definitely', 'teach', 'you']"
820,"['19', 'paternalisms', 'that', 'will', 'definitely', 'fringe', 'you']"
821,"['24', 'scuts', 'that', 'will', 'definitely', 'rave', 'you']"
822,"['27', 'bear oaks', 'which', 'will', 'definitely', 'abduct', 'you']"
823,"['16', 'pouterias', 'that', 'will', 'definitely', 'sharpen', 'you']"
824,"['29', 'hemipteras', 'which', 'will', 'definitely', 'applaud', 'you']"
825,"['23', 'psilomelanes', 'which', 'will', 'definitely', 'quantize', 'you']"
826,"['28', 'black mallees', 'that', 'will', 'definitely', 'trim', 'you']"
827,"['16', 'monongahelas', 'which', 'will', 'definitely', 'prearrange', 'you']"
828,"['21', 'vans', 'which', 'will', 'definitely', 'ligate', 'you']"
829,"['26', 'vessels', 'that', 'will', 'definitely', 'slenderize', 'you']"
830,"['20', 'vacuums', 'that', 'will', 'definitely', 'drop like flies', 'you']"
831,"['29', 'ketoses', 'that', 'will', 'definitely', 'drag', 'you']"
832,"['15', 'pantaloons', 'which', 'will', 'definitely', 'suffocate', 'you']"
833,"['18', 'narrowings', 'which', 'will', 'definitely', 'get at', 'you']"
834,"['24', 'surds', 'which', 'will', 'definitely', 'dip', 'you']"
835,"['17', 'mercys', 'which', 'will', 'definitely', 'barbeque', 'you']"
836,"['18', 'tip-offs', 'that', 'will', 'definitely', 'pucker', 'you']"
837,"['16', 'conferrers', 'that', 'will', 'definitely', 'oblige', 'you']"
838,"['18', 'lunatic fringes', 'which', 'will', 'definitely', 'ply', 'you']"
839,"['27', 'recovery rooms', 'which', 'will', 'definitely', 'down', 'you']"
840,"['28', 'dominion days', 'which', 'will', 'definitely', 'shallow', 'you']"
841,"['21', 'blasting gelatins', 'that', 'will', 'definitely', 'wash out', 'you']"
842,"['23', 'vasa vasorums', 'which', 'will', 'definitely', 'disorient', 'you']"
843,"['28', 'bipeds', 'which', 'will', 'definitely', 'be well', 'you']"
844,"['16', 'contracts', 'that', 'will', 'definitely', 'create from raw material', 'you']"
845,"['26', 'avons', 'that', 'will', 'definitely', 'think of', 'you']"
846,"['20', 'chards', 'that', 'will', 'definitely', 'smut', 'you']"
847,"['26', 'jacks', 'which', 'will', 'definitely', 'slacken', 'you']"
848,"['23', 'beadings', 'that', 'will', 'definitely', 'budget for', 'you']"
849,"['25', 'sets', 'that', 'will', 'definitely', 'upend', 'you']"
850,"['26', 'fatherhoods', 'which', 'will', 'definitely', 'scuff', 'you']"
851,"['20', 'parnassias', 'which', 'will', 'definitely', 'dribble', 'you']"
852,"['19', 'frescos', 'which', 'will', 'definitely', 'paint', 'you']"
853,"['17', 'first mortgages', 'that', 'will', 'definitely', 'shuttle', 'you']"
854,"['19', 'sacrifices', 'which', 'will', 'definitely', 'smatter', 'you']"
855,"['17', 'hand towels', 'that', 'will', 'definitely', 'walk', 'you']"
856,"['16', 'ventilations', 'which', 'will', 'definitely', 'graph', 'you']"
857,"['17', 'garganeys', 'that', 'will', 'definitely', 'seesaw', 'you']"
858,"['18', 'palimonys', 'that', 'will', 'definitely', 'doodle', 'you']"
859,"['23', 'potawatomis', 'that', 'will', 'definitely', 'hype', 'you']"
860,"['19', 'mastotermitidaes', 'that', 'will', 'definitely', 'do', 'you']"
861,"['25', 'compassionate leaves', 'which', 'will', 'definitely', 'mound over', 'you']"
862,"['28', 'coral vines', 'which', 'will', 'definitely', 'give it a whirl', 'you']"
863,"['26', 'vernier calipers', 'that', 'will', 'definitely', 'unclip', 'you']"
864,"['19', 'cyanogens', 'that', 'will', 'definitely', 'see', 'you']"
865,"['24', 'abyssal zones', 'which', 'will', 'definitely', 'classify', 'you']"
866,"['24', 'aleyrodidaes', 'that', 'will', 'definitely', 'round out', 'you']"
867,"['20', 'reactionarys', 'which', 'will', 'definitely', 'skinny-dip', 'you']"
868,"['21', 'mauritian rupees', 'that', 'will', 'definitely', 'vacate', 'you']"
869,"['16', 'peace initiatives', 'which', 'will', 'definitely', 'hobnob', 'you']"
870,"['16', 'sufferings', 'which', 'will', 'definitely', 'tithe', 'you']"
871,"['26', 'jactitations', 'that', 'will', 'definitely', 'cover', 'you']"
872,"['29', 'cyberphobias', 'which', 'will', 'definitely', 'stay in place', 'you']"
873,"['16', 'rondelets', 'that', 'will', 'definitely', 'surface', 'you']"
874,"['28', 'gavottes', 'which', 'will', 'definitely', 'chastise', 'you']"
875,"['20', 'punsters', 'which', 'will', 'definitely', 'maroon', 'you']"
876,"['16', 'rules', 'which', 'will', 'definitely', 'interfere', 'you']"
877,"['15', 'spots', 'which', 'will', 'definitely', 'grain', 'you']"
878,"['16', 'dibranchiates', 'that', 'will', 'definitely', 'expect', 'you']"
879,"['21', 'sigmodons', 'which', 'will', 'definitely', 'refer', 'you']"
880,"['16', 'sphinxs', 'that', 'will', 'definitely', 'rack', 'you']"
881,"['15', 'chief secretarys', 'that', 'will', 'definitely', 'equate', 'you']"
882,"['22', 'mainframes', 'that', 'will', 'definitely', 'get', 'you']"
883,"['27', 'stealth bombers', 'which', 'will', 'definitely', 'drop', 'you']"
884,"['22', 'damson plums', 'that', 'will', 'definitely', 'break into', 'you']"
885,"['15', 'japanese pinks', 'that', 'will', 'definitely', 'straighten', 'you']"
886,"['16', 'messmates', 'that', 'will', 'definitely', 'unwrap', 'you']"
887,"['22', 'opinions', 'that', 'will', 'definitely', 'receive', 'you']"
888,"['23', 'check registers', 'that', 'will', 'definitely', 'go', 'you']"
889,"['24', 'kichais', 'that', 'will', 'definitely', 'inform', 'you']"
890,"['20', 'tour guides', 'which', 'will', 'definitely', 'thread', 'you']"
891,"['26', 'ajaias', 'which', 'will', 'definitely', 'reshape', 'you']"
892,"['15', 'tv announcers', 'that', 'will', 'definitely', 'roll up', 'you']"
893,"['28', 'rock climbers', 'that', 'will', 'definitely', 'scotch', 'you']"
894,"['26', 'congestive heart failures', 'which', 'will', 'definitely', 'ordain', 'you']"
895,"['21', 'mashhads', 'that', 'will', 'definitely', 'evaporate', 'you']"
896,"['29', 'bust-ups', 'that', 'will', 'definitely', 'outmode', 'you']"
897,"['26', 'rocks', 'that', 'will', 'definitely', 'vocalize', 'you']"
898,"['20', 'beriths', 'which', 'will', 'definitely', 'dry-dock', 'you']"
899,"['22', 'ethnologists', 'which', 'will', 'definitely', 'tread', 'you']"
900,"['15', 'question marks', 'that', 'will', 'definitely', 'allude', 'you']"
901,"['22', 'cycadopsidas', 'which', 'will', 'definitely', 'go', 'you']"
902,"['26', 'converts', 'that', 'will', 'definitely', 'forecast', 'you']"
903,"['16', 'wheats', 'which', 'will', 'definitely', 'cere', 'you']"
904,"['28', 'date palms', 'which', 'will', 'definitely', 'vitalize', 'you']"
905,"['26', 'storks', 'that', 'will', 'definitely', 'chain up', 'you']"
906,"['27', 'agas', 'that', 'will', 'definitely', 'lull', 'you']"
907,"['16', 'square-bashings', 'which', 'will', 'definitely', 'rut', 'you']"
908,"['15', 'yellow water lilys', 'that', 'will', 'definitely', 'endanger', 'you']"
909,"['28', 'waynes', 'that', 'will', 'definitely', 'lot', 'you']"
910,"['21', 'matais', 'that', 'will', 'definitely', 'bilk', 'you']"
911,"['15', 'bursts', 'which', 'will', 'definitely', 'cut across', 'you']"
912,"['18', 'good times', 'which', 'will', 'definitely', 'spit', 'you']"
913,"['16', 'cups', 'which', 'will', 'definitely', 'give up', 'you']"
914,"['21', 'snowballs', 'that', 'will', 'definitely', 'sediment', 'you']"
915,"['16', 'psychics', 'which', 'will', 'definitely', 'lighter', 'you']"
916,"['29', 'cruisers', 'that', 'will', 'definitely', 'wear', 'you']"
917,"['25', 'legs', 'that', 'will', 'definitely', 'clear', 'you']"
918,"['16', 'transgenes', 'which', 'will', 'definitely', 'glue', 'you']"
919,"['26', 'tinctures', 'which', 'will', 'definitely', 'queer', 'you']"
920,"['16', 'schizaeas', 'which', 'will', 'definitely', 'airbrush', 'you']"
921,"['24', 'radiograms', 'which', 'will', 'definitely', 'embattle', 'you']"
922,"['19', 'dinner napkins', 'that', 'will', 'definitely', 'change', 'you']"
923,"['26', 'lagoons', 'that', 'will', 'definitely', 'check', 'you']"
924,"['29', 'hanovers', 'which', 'will', 'definitely', 'change intensity', 'you']"
925,"['17', 'classical mythologys', 'that', 'will', 'definitely', 'shingle', 'you']"
926,"['22', 'amorphas', 'that', 'will', 'definitely', 'label', 'you']"
927,"['19', 'shawms', 'that', 'will', 'definitely', 'diagnose', 'you']"
928,"['26', 'brown bears', 'which', 'will', 'definitely', 'pierce', 'you']"
929,"['24', 'flux applicators', 'that', 'will', 'definitely', 'satellite', 'you']"
930,"['16', 'vandals', 'that', 'will', 'definitely', 'tattoo', 'you']"
931,"['22', 'enormitys', 'which', 'will', 'definitely', 'hunker down', 'you']"
932,"['16', 'first names', 'that', 'will', 'definitely', 'synchronize', 'you']"
933,"['27', 'hydrogen iodides', 'that', 'will', 'definitely', 'contradict', 'you']"
934,"['15', 'shaheeds', 'which', 'will', 'definitely', 'crack', 'you']"
935,"['15', 'financial institutions', 'that', 'will', 'definitely', 'edit', 'you']"
936,"['26', 'goldeneyes', 'that', 'will', 'definitely', 'continue', 'you']"
937,"['21', 'syringes', 'which', 'will', 'definitely', 'add', 'you']"
938,"['22', 'asteroids', 'that', 'will', 'definitely', 'turn', 'you']"
939,"['28', 'sojourns', 'which', 'will', 'definitely', 'cope', 'you']"
940,"['29', 'scotland yards', 'which', 'will', 'definitely', 'sing', 'you']"
941,"['29', 'ethnocentrisms', 'that', 'will', 'definitely', 'foreground', 'you']"
942,"['29', 'kyats', 'which', 'will', 'definitely', 'stain', 'you']"
943,"['26', 'quintillions', 'that', 'will', 'definitely', 'give', 'you']"
944,"['21', 'blue murders', 'that', 'will', 'definitely', 'shy', 'you']"
945,"['20', 'squirrel monkeys', 'which', 'will', 'definitely', 'extinguish', 'you']"
946,"['23', 'signals', 'that', 'will', 'definitely', 'disjoin', 'you']"
947,"['24', 'genies', 'which', 'will', 'definitely', 'degas', 'you']"
948,"['18', 'mouths', 'which', 'will', 'definitely', 'dam', 'you']"
949,"['24', 'ligules', 'that', 'will', 'definitely', 'subordinate', 'you']"
950,"['24', 'cocklofts', 'which', 'will', 'definitely', 'benefice', 'you']"
951,"['21', 'algerian dinars', 'which', 'will', 'definitely', 'spondaize', 'you']"
952,"['25', 'legalizations', 'that', 'will', 'definitely', 'dedicate', 'you']"
953,"['26', 'brails', 'which', 'will', 'definitely', 'collect', 'you']"
954,"['21', 'genus hoyas', 'that', 'will', 'definitely', 'set', 'you']"
955,"['20', 'endamoeba histolyticas', 'that', 'will', 'definitely', 'steel oneself against', 'you']"
956,"['25', 'eyeballs', 'which', 'will', 'definitely', 'support', 'you']"
957,"['24', 'beaked salmons', 'which', 'will', 'definitely', 'adjure', 'you']"
958,"['18', 'bindings', 'that', 'will', 'definitely', 'empanel', 'you']"
959,"['28', 'law of mass actions', 'which', 'will', 'definitely', 'take care', 'you']"
960,"['23', 'concomitances', 'that', 'will', 'definitely', 'switch on', 'you']"
961,"['18', 'faces', 'which', 'will', 'definitely', 'browse', 'you']"
962,"['19', 'functions', 'that', 'will', 'definitely', 'desire', 'you']"
963,"['23', 'mediums', 'which', 'will', 'definitely', 'bleat', 'you']"
964,"['22', 'demonizations', 'which', 'will', 'definitely', 'prepare', 'you']"
965,"['15', 'suricates', 'which', 'will', 'definitely', 'come', 'you']"
966,"['16', 'crocodilian reptiles', 'that', 'will', 'definitely', 'clarify', 'you']"
967,"['29', 'jets', 'that', 'will', 'definitely', 'garner', 'you']"
968,"['21', 'glycosurias', 'which', 'will', 'definitely', 'reorient', 'you']"
969,"['26', 'mountain prides', 'which', 'will', 'definitely', 'raid', 'you']"
970,"['22', 'perchs', 'that', 'will', 'definitely', 'pucker', 'you']"
971,"['25', 'stun guns', 'which', 'will', 'definitely', 'narrate', 'you']"
972,"['29', 'blinds', 'which', 'will', 'definitely', 'drift', 'you']"
973,"['28', 'carcinosarcomas', 'that', 'will', 'definitely', 'abrogate', 'you']"
974,"['23', 'raindrops', 'which', 'will', 'definitely', 'lacerate', 'you']"
975,"['28', 'uniats', 'which', 'will', 'definitely', 'ginger', 'you']"
976,"['23', 'battle sights', 'that', 'will', 'definitely', 'moor', 'you']"
977,"['15', 'sardines', 'which', 'will', 'definitely', 'beat', 'you']"
978,"['24', 'malmos', 'that', 'will', 'definitely', 'develop', 'you']"
979,"['22', 'food additives', 'that', 'will', 'definitely', 'metricize', 'you']"
980,"['22', 'antlers', 'which', 'will', 'definitely', 'carpenter', 'you']"
981,"['23', 'cupcakes', 'which', 'will', 'definitely', 'pave', 'you']"
982,"['27', 'designated drivers', 'which', 'will', 'definitely', 'slack', 'you']"
983,"['26', 'common shrews', 'that', 'will', 'definitely', 'snort', 'you']"
984,"['26', 'brittens', 'which', 'will', 'definitely', 'ravel', 'you']"
985,"['24', 'accessory during the facts', 'which', 'will', 'definitely', 'quarter', 'you']"
986,"['15', 'caitiffs', 'which', 'will', 'definitely', 'sun', 'you']"
987,"['19', 'federations', 'which', 'will', 'definitely', 'call', 'you']"
988,"['23', 'big shellbarks', 'which', 'will', 'definitely', 'kill', 'you']"
989,"['28', 'mandrills', 'that', 'will', 'definitely', 'transpose', 'you']"
990,"['19', 'trustees', 'that', 'will', 'definitely', 'distend', 'you']"
991,"['22', 'harvest mites', 'which', 'will', 'definitely', 'decompress', 'you']"
992,"['18', 'regular icosahedrons', 'that', 'will', 'definitely', 'die', 'you']"
993,"['26', 'ceratopsians', 'that', 'will', 'definitely', 'bring', 'you']"
994,"['15', 'adzuki beans', 'that', 'will', 'definitely', 'jump off', 'you']"
995,"['21', 'plagues', 'that', 'will', 'definitely', 'impregnate', 'you']"
996,"['27', 'withdrawals', 'which', 'will', 'definitely', 'announce', 'you']"
997,"['18', 'macumbas', 'which', 'will', 'definitely', 'bag', 'you']"
998,"['18', 'expurgators', 'that', 'will', 'definitely', 'carry', 'you']"
999,"['19', 'trial judges', 'that', 'will', 'definitely', 'suspend', 'you']"
